max_iter,max_depth,learning_rate,min_samples_leaf,l2_regularization,alpha,loss
741.0,5.0,0.030322783817217543,3.0,0.04705491643890425,0.1,0.004056941468198628
191.0,12.0,0.022811654034645187,10.0,0.7875627286436363,0.2,0.008113882936397256
744.0,13.0,0.021851478670147664,3.0,0.7366602134831235,0.3,0.012170824404595887
749.0,19.0,0.08255500179289915,24.0,0.9810987717140723,0.4,0.016227765872794512
510.0,17.0,0.03961345027980569,21.0,0.8323974166559703,0.5,0.003933729522909139
822.0,7.0,0.032325885860027465,22.0,0.7761702610840645,0.6,0.0037815880886520963
421.0,14.0,0.019565580284132453,24.0,0.9910200551190067,0.7,0.0034191191245984583
332.0,14.0,0.0355651042233894,8.0,0.5138626087854481,0.8,0.0027656617665429333
901.0,8.0,0.010688047362030613,6.0,0.7392744895637982,0.9,0.0017714710745246147
