n_estimators,learning_rate,max_depth,subsample,colsample_bytree,reg_alpha,reg_lambda,alpha,loss
985.0,0.04261026520382876,9.0,0.7991183451689389,0.7110506485828706,0.14973697877617909,7.320907001082727,0.1,0.0015122231306441472
368.0,0.08795757544059475,4.0,0.8635800132182878,0.866222023825586,8.912424730448873,4.528424172519185,0.2,0.0025525481284136725
288.0,0.09600888612267523,3.0,0.48329025227921385,0.9462737427470775,2.173025098193839,5.811104405892048,0.3,0.003282218313325941
810.0,0.0541192008068169,4.0,0.8701508761171186,0.9829088611077881,9.77403524004759,9.358370809780002,0.4,0.0031584210348423814
494.0,0.024408294217903557,4.0,0.5515702642250608,0.9992571081617012,0.12429515844704753,6.06605673147132,0.5,0.00352092615871103
114.0,0.08928292057102105,5.0,0.8877126970632845,0.9120755527925535,8.28689906741083,4.650829335035227,0.6,0.0033556160912693546
437.0,0.06443950186143943,4.0,0.7327780454705385,0.7264413977807768,3.488022719354289,7.155359562198133,0.7,0.0031796216525677113
691.0,0.012947351048627768,5.0,0.5845277613068272,0.8418900070681471,2.504921288307885,2.0278040085151394,0.8,0.0024642992591925247
796.0,0.02916006252683144,4.0,0.889779772941385,0.6620207522472711,2.9227980201342283,1.5880466485350597,0.9,0.0015877219107343122
