n_estimators,learning_rate,num_leaves,max_depth,min_child_samples,subsample,colsample_bytree,reg_alpha,reg_lambda,min_split_gain,min_child_weight,subsample_freq,alpha,quantile,loss
830.0,0.019994384470837418,141.0,15.0,20.0,0.901612511840116,0.6808023704865492,0.7589716579656458,0.7805019739051474,0.6244473629054529,8.565421377435188,2.0,0.00010004631782315684,0.1,0.006055140789873472
410.0,0.06304974678984286,183.0,10.0,52.0,0.7081191738639158,0.7832491834858002,0.7140744733236584,0.34381939849929327,0.3546701938864472,7.757827277122516,1.0,0.00010312030652587425,0.2,0.005205924734280065
779.0,0.09935458789345729,159.0,6.0,43.0,0.8078533990158392,0.850669337722525,0.40509804472472927,0.6120621181229808,0.012726326696973045,0.039421624634157104,6.0,0.00011115265824088172,0.3,0.00498920220524072
310.0,0.010934945748027908,122.0,9.0,30.0,0.9987603488735676,0.5037323507812412,0.7443798858055075,0.0386073511914244,0.7211891685622638,2.1173598778407614,3.0,0.00012756158245856076,0.4,0.004430528110254862
999.0,0.010004825035728084,23.0,20.0,31.0,0.521900007068391,0.9755657668391206,0.9255243119344891,0.987041947211894,0.005962609097092382,6.358839414454154,10.0,0.00011185541525984205,0.5,0.004250037883749364
866.0,0.010186147050916817,219.0,13.0,25.0,0.7358964554827788,0.8144987977206969,0.9757897989122284,0.9530196958882442,0.7330878738098285,4.2661918581235,3.0,0.0001082505101846311,0.6,0.004199849037565843
997.0,0.0996547414879918,296.0,17.0,96.0,0.9285673563265915,0.9145237959769188,0.15359072363910198,0.18871483989940596,0.8145350412074697,1.5813752737569862,7.0,0.00016043905636739845,0.7,0.004362155101616388
500.0,0.09596381630560495,283.0,19.0,77.0,0.5017519965534869,0.8989135201886285,0.7947517852039203,0.5817588386020863,0.9979965935085425,1.686868309070782,7.0,0.00033943402121037244,0.8,0.0044608417447794015
269.0,0.08688356341282667,162.0,7.0,51.0,0.9972522475070025,0.8319397187326643,0.737012873134458,0.8006237958881379,0.8126380287537323,6.555654376772156,10.0,0.00044514581724268014,0.9,0.004600353232748496
