n_estimators,learning_rate,num_leaves,max_depth,min_child_samples,subsample,colsample_bytree,reg_alpha,reg_lambda,min_split_gain,min_child_weight,subsample_freq,alpha,loss
985.0,0.010120429738404126,150.0,20.0,38.0,0.9995029561197597,0.9589482476518661,0.7007663903638759,0.9641480769790137,0.6518241231687275,9.76535031960944,1.0,0.1,0.0015749206350112355
722.0,0.04792729405241848,176.0,14.0,5.0,0.7929763458137586,0.9930255142640725,0.9772137881814701,0.7216697018694573,0.907215431178254,6.715326903561498,8.0,0.2,0.0023760385889376365
849.0,0.046596564315728076,60.0,9.0,42.0,0.8862577492931485,0.7656939442069586,0.11610153698063846,0.8493690835318644,0.14256507650074732,9.943486518100816,5.0,0.3,0.0027630536626740143
893.0,0.019168792473899274,110.0,20.0,42.0,0.673145515138418,0.841375133777851,0.14450089125531407,0.489222727432995,0.3188964176753018,7.826092121201411,10.0,0.4,0.0030569546135910345
558.0,0.05420389945615437,98.0,15.0,81.0,0.765300304442797,0.8473162761108726,0.9203132640795337,0.7646009901992449,0.7203366076866168,0.04932306445221485,10.0,0.5,0.003195240119573842
933.0,0.032034248397851114,111.0,11.0,75.0,0.8867944907517651,0.9874143790789378,0.361110234121793,0.41080606968077144,0.9473775406112594,4.591364336771328,3.0,0.6,0.003096018611312512
787.0,0.048254514499306345,31.0,13.0,81.0,0.9262220590365013,0.9073985658889618,0.4942214046930503,0.6486406392224732,0.007440083966201438,5.738460294409652,1.0,0.7,0.0027877938740877915
283.0,0.025654922121785297,197.0,20.0,99.0,0.9835054083718985,0.9975597917422735,0.6087731812289364,0.28288495072831,0.36777938165919205,7.49898610495331,10.0,0.8,0.002289539708643229
989.0,0.045373491307862904,151.0,9.0,27.0,0.5276814166831897,0.7996449331333578,0.00024497034067280654,0.2459109939685526,0.3697162508220121,6.381959242584399,10.0,0.9,0.0014937027055867329
